{
  "accuracy": [
    0.10380622744560242,
    0.2694636583328247,
    0.3602941036224365,
    0.4204152226448059,
    0.491782009601593,
    0.5281141996383667,
    0.5566608905792236,
    0.5674740672111511,
    0.5147058963775635,
    0.6055363416671753,
    0.6799308061599731,
    0.7175605297088623
  ],
  "loss": [
    3.7015156745910645,
    2.862337350845337,
    2.3878331184387207,
    2.139953374862671,
    1.9011057615280151,
    1.7577158212661743,
    1.5971994400024414,
    1.516846776008606,
    1.8629084825515747,
    1.4116277694702148,
    1.1582988500595093,
    1.0085015296936035
  ],
  "top3": [
    0.2132352888584137,
    0.45371973514556885,
    0.5778546929359436,
    0.6410034894943237,
    0.6890138387680054,
    0.7288062572479248,
    0.7590830326080322,
    0.7768166065216064,
    0.7045847773551941,
    0.8036332130432129,
    0.8494809865951538,
    0.8810553550720215
  ],
  "val_accuracy": [
    0.22010397911071777,
    0.37435010075569153,
    0.4142114520072937,
    0.4384748637676239,
    0.4887348413467407,
    0.4506065845489502,
    0.5008665323257446,
    0.5008665323257446,
    0.4800693094730377,
    0.4748700261116028,
    0.4800693094730377,
    0.48526862263679504
  ],
  "val_loss": [
    3.171170473098755,
    2.592130422592163,
    2.3494889736175537,
    2.2271568775177,
    2.0840871334075928,
    2.178950548171997,
    2.0064594745635986,
    1.940248966217041,
    2.0957775115966797,
    2.1700222492218018,
    2.2263550758361816,
    2.226921319961548
  ],
  "val_top3": [
    0.41247832775115967,
    0.5632582306861877,
    0.6065858006477356,
    0.6256499290466309,
    0.6585788726806641,
    0.6377816200256348,
    0.6793760657310486,
    0.6845753788948059,
    0.670710563659668,
    0.6603119373321533,
    0.6499133706092834,
    0.6637781858444214
  ],
  "learning_rate": [
    0.0010000000474974513,
    0.0010000000474974513,
    0.0010000000474974513,
    0.0010000000474974513,
    0.0010000000474974513,
    0.0010000000474974513,
    0.0010000000474974513,
    0.0010000000474974513,
    9.999999747378752e-05,
    9.999999747378752e-05,
    9.999999747378752e-05,
    4.999999873689376e-05
  ]
}